,id,title,post_year,post_month,post_day
0,vzcwal,the princess,2022,7,14
1,vzcw0a,the man from toronto,2022,7,14
2,vzcvsd,the sea beast,2022,7,14
3,vzcvkz,mrs. harris goes to paris,2022,7,14
4,vzcv66,where the crawdads sing,2022,7,14
5,vzcuye,paws of fury: the legend of hank,2022,7,14
6,vtzd6m,marcel the shell with shoes on,2022,7,7
7,vtzc5e,thor: love and thunder,2022,7,7
8,vopah2,minions: the rise of gru,2022,6,30
9,vjd5tq,beavis and butt-head do the universe,2022,6,23
10,vjd5ge,the black phone,2022,6,23
11,vjd54g,elvis,2022,6,23
12,v8wvmk,dashcam,2022,6,9
13,v8wvc0,fire island,2022,6,9
14,v8wuz0,hustle,2022,6,9
15,v8wun8,jurassic world dominion,2022,6,9
16,v3p2wc,watcher,2022,6,2
17,v3p2k0,rrr,2022,6,2
18,v3p27b,crimes of the future,2022,6,2
19,uynf6c,the bob's burgers movie,2022,5,26
20,uynerm,top gun: maverick,2022,5,26
21,uueovq,emergency,2022,5,20
22,uueom8,the valet,2022,5,20
23,utjdh7,downton abbey: a new era,2022,5,19
24,utivoa,men,2022,5,19
25,uoh6wm,petite maman,2022,5,12
26,uoh5we,we're all going to the world's fair,2022,5,12
27,uoh4t9,firestarter,2022,5,12
28,ujcuuw,doctor strange in the multiverse of madness,2022,5,5
29,ueb331,the survivor,2022,4,28
30,ueb30t,hatching,2022,4,28
31,ueb2yk,memory,2022,4,28
32,u93kbr,the bad guys,2022,4,21
33,u93jxh,the unbearable weight of massive talent,2022,4,21
34,u93jj5,the northman,2022,4,21
35,t0tapr,studio 666,2022,2,24
36,tysxuy,"everything, everywhere, all at once",2022,4,7
37,tysxfs,sonic the hedgehog 2,2022,4,7
38,tyu8dq,ambulance,2022,4,7
39,tyt8cc,you won't be alone,2022,4,7
40,tvh87q,apollo 10½: a space age childhood,2022,4,3
41,tupgzu,the bubble,2022,4,2
42,ttgq6x,morbius,2022,3,31
43,tnbhdb,the lost city,2022,3,24
44,ti2lp2,windfall,2022,3,19
45,thl0yn,deep water,2022,3,18
46,thl0fx,cheaper by the dozen,2022,3,18
47,thl1d3,umma,2022,3,18
48,tgr7h0,x,2022,3,17
49,tgr8l7,jujutsu kaisen 0: the movie,2022,3,17
50,tgr7r1,the outfit,2022,3,17
51,tgr829,alice,2022,3,17
52,tc6wun,turning red,2022,3,11
53,tc6x92,the adam project,2022,3,11
54,t7pnt7,fresh,2022,3,5
55,t7pnhs,after yang,2022,3,5
56,t7prod,against the ice,2022,3,5
57,t68wa3,the batman,2022,3,3
58,t68wqu,drive my car,2022,3,3
59,t4em6f,no exit,2022,3,1
60,t0ta7a,cyrano,2022,2,24
61,sw0jcl,texas chainsaw massacre,2022,2,18
62,sw0jmn,bigbug,2022,2,18
63,sv786l,uncharted,2022,2,17
64,sv796z,dog,2022,2,17
65,sv79uy,i want you back,2022,2,17
66,sv78oi,the cursed,2022,2,17
67,sqj5na,kimi,2022,2,11
68,spp4df,death on the nile,2022,2,10
69,spq5on,marry me,2022,2,10
70,spp578,blacklight,2022,2,10
71,sk2g57,jackass forever,2022,2,3
72,sk2ms3,sundown,2022,2,3
73,s4a7gj,the tragedy of macbeth,2022,1,14
74,s4a7pn,belle,2022,1,14
75,s4a86d,hotel transylvania: transformania,2022,1,14
76,qjg3x9,army of thieves,2021,10,30
77,s3hhfw,the 355,2022,1,13
78,s3hh4h,scream,2022,1,13
79,rmf1h8,the matrix resurrections,2021,12,22
80,rmf0do,sing 2,2021,12,22
81,rlvt8t,swan song,2021,12,21
82,riy8ef,the unforgivable,2021,12,17
83,riy7d4,red rocket,2021,12,17
84,riy71t,the hand of god,2021,12,17
85,ri7eum,spider-man: no way home,2021,12,16
86,rcyr5c,west side story,2021,12,9
87,rcyqse,don't look up,2021,12,9
88,r8fyt1,silent night,2021,12,3
89,r7oq0f,benedetta,2021,12,2
90,r1mrog,bruised,2021,11,24
91,r0uxbw,house of gucci,2021,11,23
92,r0uwkl,resident evil: welcome to raccoon city,2021,11,23
93,r0uw64,c'mon c'mon,2021,11,23
94,qxv3pk,king richard,2021,11,19
95,qxv2z3,"tick, tick... boom!",2021,11,19
96,qx6sxk,ghostbusters: afterlife,2021,11,18
97,qsrnti,red notice,2021,11,12
98,qsrn45,home sweet home alone,2021,11,12
99,qs2avj,clifford the big red dog,2021,11,11
100,qs2ai3,belfast,2021,11,11
101,qs29x3,the beta test,2021,11,11
102,qs29nl,passing,2021,11,11
103,qn0r8w,the harder they fall,2021,11,4
104,qn0qxx,finch,2021,11,4
105,qn0qjp,spencer,2021,11,4
106,qn0q4y,eternals,2021,11,4
107,qi2en7,antlers,2021,10,28
108,qi2eao,the french dispatch,2021,10,28
109,qd6vqv,dune,2021,10,21
110,qd6w61,ron's gone wrong,2021,10,21
111,q8e5te,halloween kills,2021,10,14
112,q8e6nq,the rescue,2021,10,14
113,q3nxg1,lamb,2021,10,7
114,q3nxrk,there's someone inside your house,2021,10,7
115,pzhaqd,the many saints of newark,2021,10,1
116,pyyegn,titane,2021,9,30
117,pyye2k,the addams family 2,2021,9,30
118,pua4qe,the guilty,2021,9,23
119,pua3t4,dear evan hansen,2021,9,23
120,pua3al,the eyes of tammy faye,2021,9,23
121,pua4ao,blue bayou,2021,9,23
122,pqdhau,cry macho,2021,9,17
123,ppripj,prisoners of the ghostland,2021,9,16
124,ppric1,copshop,2021,9,16
125,plx1o8,queenpins,2021,9,10
126,plx1ab,kate,2021,9,10
127,plx0t1,malignant,2021,9,10
128,plccrz,cinderella,2021,9,9
129,plcc7a,worth,2021,9,9
130,plcbic,the card counter,2021,9,9
131,pgw0wk,shang-chi and the legend of the ten rings,2021,9,2
132,pd1zwh,vacation friends,2021,8,27
133,pd205y,demonic,2021,8,27
134,pcdv8d,candyman,2021,8,26
135,p8g1m0,reminiscence,2021,8,20
136,p8g2n4,paw patrol: the movie,2021,8,20
137,p8fnnq,annette,2021,8,20
138,p8fjiu,sweet girl,2021,8,20
139,p7tbsl,the night house,2021,8,19
140,p7tc75,the protégé,2021,8,19
141,p3ztri,coda,2021,8,13
142,p3zstd,beckett,2021,8,13
143,p3ebrt,free guy,2021,8,12
144,p3ec3y,don't breathe 2,2021,8,12
145,p3ecdd,respect,2021,8,12
146,oyxaam,the suicide squad,2021,8,5
147,oubhkm,the green knight,2021,7,29
148,oubf1k,jungle cruise,2021,7,29
149,oqy33c,trollhunters: rise of the titans,2021,7,24
150,oqy06h,blood red sky,2021,7,24
151,opsho7,jolt,2021,7,22
152,opsh86,val,2021,7,22
153,opsgtg,old,2021,7,22
154,opsga7,snake eyes: g.i. joe origins,2021,7,22
155,om7s20,pig,2021,7,17
156,oltax3,roadrunner: a film about anthony bourdain,2021,7,16
157,oltaar,escape room: tournament of champions,2021,7,16
158,olt9y3,space jam: a new legacy,2021,7,16
159,olt9gx,fear street part three: 1666,2021,7,16
160,ol2n65,gunpowder milkshake,2021,7,15
161,ohaa79,fear street part 2: 1978,2021,7,9
162,oglqv8,black widow,2021,7,8
163,oglqm4,werewolves within,2021,7,8
164,ocet2k,summer of soul,2021,7,2
165,ocery5,fear street part 1: 1994,2021,7,2
166,ocelue,the tomorrow war,2021,7,2
167,oc1im1,no sudden move,2021,7,1
168,oc1ib5,the boss baby: family business,2021,7,1
169,oc1hue,the forever purge,2021,7,1
170,oc1h0l,zola,2021,7,1
171,oc1gcg,the ice road,2021,7,1
172,oc1fsl,america: the motion picture,2021,7,1
173,oc1f83,false positive,2021,7,1
174,o7e258,f9: the fast saga,2021,6,24
175,o34eyh,luca,2021,6,18
176,o2ei2l,the sparks brothers,2021,6,17
177,o2ej5a,the hitman's wife's bodyguard,2021,6,17
178,nyecih,awake,2021,6,12
179,nyeajv,peter rabbit 2: the runaway,2021,6,12
180,nx3jdq,in the heights,2021,6,10
181,nsj2gg,the conjuring: the devil made me do it,2021,6,4
182,nsj230,spirit untamed,2021,6,4
183,nsj1ko,sailor moon eternal,2021,6,4
184,nmnybx,cruella,2021,5,27
185,ni8c3t,riders of justice,2021,5,21
186,ncomky,army of the dead,2021,5,14
187,ncolxy,oxygen,2021,5,14
188,ncole0,the woman in the window,2021,5,14
189,ncokoe,those who wish me dead,2021,5,14
190,nbyiaw,spiral,2021,5,13
191,n84a0s,about endlessness,2021,5,8
192,n847d3,here today,2021,5,8
193,n8441u,monster,2021,5,8
194,n1yicn,the mitchells vs. the machines,2021,4,30
195,n1y4xd,tom clancy's without remorse,2021,4,30
196,n1y0dh,separation,2021,4,30
197,n1xugr,the virtuoso,2021,4,30
198,n1xpny,we broke up,2021,4,30
199,mx2dyn,demon slayer- kimetsu no yaiba / mugen train,2021,4,23
200,mnwuau,thunder force,2021,4,9
201,mnwrj5,voyagers,2021,4,9
202,mnwp34,city of lies,2021,4,9
203,mnwmd5,shiva baby,2021,4,9
204,miz8dl,the unholy,2021,4,2
205,miz5qz,concrete cowboy,2021,4,2
206,miz3m9,the father,2021,4,2
207,mhdlxn,godzilla vs. kong,2021,3,31
208,me44dl,bad trip,2021,3,26
209,me41jq,tina,2021,3,26
210,m7y4se,zack snyder's justice league,2021,3,18
211,m4chnh,cherry,2021,3,13
212,m4cnqg,boss level,2021,3,13
213,m4cu4n,kid 90,2021,3,13
214,m4cqvw,own the room,2021,3,13
215,lyj52m,raya and the last dragon,2021,3,5
216,lyjri3,coming 2 america,2021,3,5
217,lyjb21,moxie,2021,3,5
218,lyjmq1,chaos walking,2021,3,5
219,lyizxz,the mauritanian,2021,3,5
220,lyji1j,the spongebob movie: sponge on the run,2021,3,5
221,ltduhn,tom & jerry,2021,2,26
222,ltdr45,the girl on the train,2021,2,26
223,ltdmra,the united states vs. billie holiday,2021,2,26
224,lnwli1,minari,2021,2,19
225,lnwf4n,saint maude,2021,2,19
226,lnws77,flora & ulysses,2021,2,19
227,lnwobt,supernova,2021,2,19
228,lj1cfb,judas and the black messiah,2021,2,13
229,lj1x64,willy's wonderland,2021,2,13
230,lj1hcy,barb and star go to vista del mar,2021,2,13
231,lj1nve,to all the boys: always and forever,2021,2,13
232,lj22ba,the map of tiny perfect things,2021,2,13
233,le4g5c,malcom and marie,2021,2,6
234,ldxyuh,space sweepers,2021,2,6
235,le4da6,earwig and the witch,2021,2,6
236,ldxwd6,bliss,2021,2,6
237,ldxu57,the little things,2021,2,6
238,ldy0zz,little fish,2021,2,6
239,l8csqw,the dig,2021,1,29
240,l8cpse,psycho goreman,2021,1,29
241,l8cv4p,palmer,2021,1,29
242,l8cmuz,our friend,2021,1,29
243,l8cjmk,born a champion,2021,1,29
244,kzkztq,outside the wire,2021,1,17
245,ky9dxl,the marksman,2021,1,15
246,ky99wj,locked down,2021,1,15
247,ky96b8,one night in miami,2021,1,15
248,ky931c,pieces of a woman,2021,1,15
249,kue98u,the dry,2021,1,10
250,kkvhmi,the croods 2,2020,12,26
251,kkbfme,news of the world,2020,12,25
252,kkbfb3,we can be heroes,2020,12,25
253,kkbeha,promising young woman,2020,12,25
254,kkbe0l,sylvie's love,2020,12,25
255,kkbdpg,wonder woman 1984,2020,12,25
256,kkbd5s,soul,2020,12,25
257,kg0p48,monster hunter,2020,12,18
258,kg0mem,small axe: education,2020,12,18
259,kg0k8n,another round,2020,12,18
260,kg0hya,ma rainey's black bottom,2020,12,18
261,kcptp8,small axe: alex wheatle,2020,12,13
262,kcprar,midnight sky,2020,12,13
263,kcpovo,let them all talk,2020,12,13
264,kcpmno,wolfwalkers,2020,12,13
265,kcpk6b,the prom,2020,12,13
266,k88jjg,godmothered,2020,12,6
267,k88g3w,"small axe: red, white, and blue",2020,12,6
268,k6zxdq,mank,2020,12,4
269,k6zpgv,black bear,2020,12,4
270,k6zn1z,ammonite,2020,12,4
271,k6zkca,sound of metal,2020,12,4
272,k4c9oz,small axe: lover's rock,2020,11,30
273,k4c57u,superintelligence,2020,11,30
274,k2cw7b,fatman,2020,11,27
275,k2ctta,happiest season,2020,11,27
276,k2cra9,the christmas chronicles 2,2020,11,27
277,k2co55,hillbilly elegy,2020,11,27
278,jz6pq6,small axe: mangrove,2020,11,22
279,jz6mjz,come away,2020,11,22
280,jxw9nf,run,2020,11,20
281,jxw3mc,jingle jangle,2020,11,20
282,jxw0ao,freaky,2020,11,20
283,jxvx71,let him go,2020,11,20
284,jpj8ib,come play,2020,11,6
285,jpj6go,kindred,2020,11,6
286,jpj3v5,synchronic,2020,11,6
287,jhkxqd,over the moon,2020,10,24
288,jhl189,bad hair,2020,10,24
289,jgej25,borat subsequent moviefilm,2020,10,22
290,jgfimy,the witches,2020,10,22
291,jgg44d,rebecca,2020,10,23
292,jdshnp,david byrne's american utopia,2020,10,18
293,jds97p,clouds,2020,10,18
294,jcmz8u,the wolf of snow hollow,2020,10,16
295,jcmxd5,yellow rose,2020,10,16
296,jcmuz5,the war with grandpa,2020,10,16
297,jcmsvw,love and monsters,2020,10,16
298,jcmq8s,the trial of the chicago 7,2020,10,16
299,j8wp57,books of blood,2020,10,10
300,j8wlq5,spontaneous,2020,10,10
301,j7rfcw,hubie halloween,2020,10,8
302,j7r5di,possessor: uncut,2020,10,8
303,j7rern,on the rocks,2020,10,8
304,j7rf2f,save yourselves!,2020,10,8
305,j45vdp,the boys in the band,2020,10,2
306,j45y16,2067,2020,10,2
307,izsip5,kajillionaire,2020,9,25
308,izsfgu,ava,2020,9,25
309,iyme06,enola holmes,2020,9,23
310,ivk4z0,antebellum,2020,9,18
311,ivk8a9,the nest,2020,9,18
312,iu19h6,the devil all the time,2020,9,16
313,ir4o2y,the babysitter: killer queen,2020,9,11
314,ir4oav,cuties,2020,9,11
315,ir4nf4,unpregnant,2020,9,11
316,imqf5b,i'm thinking of ending things,2020,9,4
317,imqeot,mulan,2020,9,4
318,im7etj,tenet,2020,9,3
319,im7e0z,the personal history of david copperfield,2020,9,3
320,ii0916,bill and ted face the music,2020,8,28
321,ii09vp,new mutants,2020,8,28
322,ii0c9z,phineas and ferb the movie: candace against the universe,2020,8,28
323,ieqn5i,project power,2020,8,22
324,ieqpdo,unhinged,2020,8,22
325,ieqojz,the one and only ivan,2020,8,22
326,ieqpwp,peninsula,2020,8,22
327,ieqoxw,tesla,2020,8,22
328,i5csmq,an american pickle,2020,8,7
329,i5cvn0,she dies tomorrow,2020,8,7
330,i5czxw,the tax collector,2020,8,7
331,i5d39s,waiting for the barbarians,2020,8,7
332,i16usz,black is king,2020,7,31
333,i16o3w,yes god yes,2020,7,31
334,i16jvd,first cow,2020,7,31
335,hontcw,palm springs,2020,7,10
336,honmc6,the old guard,2020,7,10
337,honi72,greyhound,2020,7,10
338,hkm7e5,hamilton,2020,7,3
339,hgxeio,my spy,2020,6,27
340,hgx7p8,irresistible,2020,6,27
341,hgwwfk,eurovision song contest: the story of fire saga,2020,6,27
342,hgwqpd,a whisker away,2020,6,27
343,hgwejg,365 days,2020,6,27
344,h7arb8,shirley,2020,6,11
345,h7anh6,the king of staten island,2020,6,12
346,h7ailm,da 5 bloods,2020,6,12
347,h7adhj,artemis fowl,2020,6,12
348,gp88ts,the trip to greece,2020,5,23
349,gp8bjq,the lovebirds,2020,5,23
350,gkfd18,scoob!,2020,5,15
351,giek1t,capone,2020,5,12
352,g7dlvp,extraction,2020,4,24
353,g7dsrs,guns akimbo,2020,4,24
354,g7e4iy,true history of the kelly gang,2020,4,24
355,g7ep2k,the willoughbys,2020,4,24
356,g96er9,bad education,2020,4,27
357,fykrw8,the platform,2020,4,10
358,fyk1xa,blow the man down,2020,4,10
359,fyk6mu,never rarely sometimes always,2020,4,10
360,fykcv7,trolls world tour,2020,4,10
361,fykhap,swallow,2020,4,10
362,fht3jn,i still believe,2020,3,12
363,fhu37b,the jesus rolls,2020,3,13
364,fhsy3h,the hunt,2020,3,12
365,fhsq77,bloodshot,2020,3,12
366,fe2xer,the way back,2020,3,6
367,fe31nf,spenser confidential,2020,3,6
368,fe2tjr,onward,2020,3,5
369,fe25pa,emma,2020,3,5
370,fafzx3,portrait of a lady on fire,2020,2,27
371,fafwsf,the invisible man,2020,2,27
372,fafrel,color out of space,2020,2,27
373,f7aqro,the lodge,2020,2,21
374,f737d1,the last thing he wanted,2020,2,21
375,f734rw,the call of the wild,2020,2,20
376,f732hn,brahms: the boy ii,2020,2,20
377,f3dkms,downhill,2020,2,13
378,f3dsbo,fantasy island,2020,2,13
379,f3dxie,the photograph,2020,2,13
380,f3e21c,sonic the hedgehog,2020,2,13
381,f3cz0t,to all the boys: p.s. i still love you,2020,2,13
382,f04hkd,horse girl,2020,2,7
383,f047qa,birds of prey,2020,2,6
384,ew8s9k,the rhythm section,2020,1,30
385,ew8ol8,the last full measure,2020,1,30
386,ew8j75,gretel & hansel,2020,1,30
387,esvogs,the turning,2020,1,23
388,esvjmz,the gentlemen,2020,1,23
389,epu0qu,weathering with you,2020,1,16
390,eptwbb,dolittle,2020,1,16
391,eptsog,bad boys for life,2020,1,16
392,emi5z3,1917,2020,1,9
393,emif0p,like a boss,2020,1,9
394,emiafn,just mercy,2020,1,9
395,emii5v,underwater,2020,1,9
396,ej1r13,the grudge,2020,1,2
397,ef4z7u,little women,2019,12,25
398,ef5czo,spies in disguise,2019,12,25
399,ef4qsw,uncut gems,2019,12,24
400,ef4mtn,john mulaney & the sack lunch bunch,2019,12,24
401,edeylh,togo,2019,12,20
402,ed3jf2,the two popes,2019,12,20
403,ed3a6g,star wars: episode ix - the rise of skywalker,2019,12,19
404,ed3doh,cats,2019,12,19
405,ed3giv,bombshell,2019,12,19
406,e9qypy,richard jewell,2019,12,13
407,e9nzp9,6 underground,2019,12,13
408,e9o399,black christmas,2019,12,12
409,e9pgvc,jumanji: the next level,2019,12,12
410,e6zttw,dark waters,2019,12,6
411,e6l8bc,marriage story,2019,12,6
412,e6lmru,waves,2019,12,5
413,e6ljx5,playmobil: the movie,2019,12,5
414,e6lee9,the report,2019,12,5
415,e2149d,the irishman,2019,11,27
416,e21f3l,queen & slim,2019,11,27
417,e21a17,knives out,2019,11,26
418,dzlju6,frozen ii,2019,11,21
419,dzlep9,a beautiful day in the neighborhood,2019,11,21
420,dzl7nz,21 bridges,2019,11,21
421,dws9et,klaus,2019,11,15
422,dvtzcy,charlie's angels,2019,11,14
423,dvu5es,ford v ferrari,2019,11,14
424,dvuao3,the good liar,2019,11,14
425,dvulya,lady and the tramp,2019,11,13
426,dvvc98,noelle,2019,11,13
427,dt2epn,playing with fire,2019,11,7
428,dt0v6z,last christmas,2019,11,7
429,dt104t,midway,2019,11,7
430,dt0h5f,doctor sleep,2019,11,7
431,dprx6w,the king,2019,11,1
432,dpsa6a,terminator: dark fate,2019,10,31
433,dps3xy,parasite,2019,10,31
434,dps11v,motherless brooklyn,2019,10,31
435,dpqt2y,jojo rabbit,2019,10,31
436,dpqouw,harriet,2019,10,31
437,dpqlty,arctic dogs,2019,10,31
438,dmicfu,dolemite is my name,2019,10,25
439,dmidcu,black and blue,2019,10,24
440,dmikzl,the current war,2019,10,24
441,dmir2v,countdown,2019,10,24
442,dmjs2m,the lighthouse,2019,10,24
443,dmjm0h,jesus is king,2019,10,24
444,djb0k1,the laundromat,2019,10,18
445,djaw82,little monsters,2019,10,17
446,djb2u3,maleficent: mistress of evil,2019,10,17
447,djbgn2,zombieland: double tap,2019,10,17
448,dgpkzq,mister america,2019,10,11
449,dfz6t2,el camino: a breaking bad movie,2019,10,11
450,dfzaes,judy,2019,10,10
451,dfz9sh,jexi,2019,10,10
452,dfz8au,gemini man,2019,10,10
453,dfz5z8,the addams family,2019,10,10
454,dd0ynj,joker,2019,10,3
455,d97731,abominable,2019,9,26
456,d6w4lj,between two ferns: the movie,2019,9,20
457,d6o37u,ad astra,2019,9,19
458,d6o3iv,rambo: last blood,2019,9,19
459,d6o3sm,downton abbey,2019,9,19
460,d3hpym,hustlers,2019,9,12
461,d3htrg,the goldfinch,2019,9,12
462,d07sbm,it chapter two,2019,9,5
463,cx8tp0,peanut butter falcon,2019,8,29
464,ctqlla,angel has fallen,2019,8,22
465,ctqr4z,ready or not,2019,8,22
466,cqzfam,blinded by the light,2019,8,15
467,cr0f57,invader zim: enter the florpus,2019,8,16
468,cqzhpz,good boys,2019,8,15
469,cqz48p,47 meters down: uncaged,2019,8,15
470,cqzkep,"where'd you go, bernadette",2019,8,15
471,cnuqji,dora and the lost city of gold,2019,8,8
472,cnum7k,the art of racing in the rain,2019,8,8
473,cnuxhz,scary stories to tell in the dark,2019,8,8
474,cnusw0,the kitchen,2019,8,8
475,ckwhml,the farewell,2019,8,1
476,ckwlgg,fast & furious presents: hobbs & shaw,2019,8,1
477,chmnpn,the art of self-defense,2019,7,25
478,chmknk,once upon a time in hollywood,2019,7,25
479,cew5fw,the lion king,2019,7,18
480,cc1o4m,the last black man in san francisco,2019,7,11
481,cc1im7,stuber,2019,7,11
482,cc1p59,crawl,2019,7,11
483,c7y18a,midsommar,2019,7,2
484,c7xhmz,spider-man: far from home,2019,7,2
485,c5jo10,annabelle comes home,2019,6,25
486,c2ntqo,toy story 4,2019,6,20
487,c2nokl,child's play,2019,6,20
488,c2nl3e,anna,2019,6,20
489,c0dqkf,shaft,2019,6,13
490,c0dh8o,men in black: international,2019,6,13
491,c0dnva,late night,2019,6,13
492,c0djtk,the dead don't die,2019,6,13
493,bzclyb,rolling thunder revue: a bob dylan story by martin scorsese,2019,6,12
494,bxi6qu,dark phoenix,2019,6,6
495,bxiinq,always be my maybe,2019,6,6
496,bumolk,godzilla: king of the monsters,2019,5,30
497,bumz7b,rocketman,2019,5,30
498,bumrht,ma,2019,5,30
499,bs6swu,brightburn,2019,5,23
500,bs6w7x,booksmart,2019,5,23
501,bs6oiv,aladdin,2019,5,23
502,bp1pmy,see you yesterday,2019,5,17
503,bp20f1,john wick: chapter 3 – parabellum,2019,5,16
504,bmbnh5,wine country,2019,5,10
505,bmeipj,tolkien,2019,5,9
506,bmbszu,pokémon detective pikachu,2019,5,9
507,bk37i1,uglydolls,2019,5,2
508,bk33g1,long shot,2019,5,2
509,bk35hv,the intruder,2019,5,2
510,bh8iei,avengers: endgame,2019,4,25
511,bh8lpn,high life,2019,4,25
512,beh35d,under the silver lake,2019,4,23
513,begw0j,the curse of la llorona,2019,4,18
514,bc0zij,missing link,2019,4,11
515,bc0tsl,little,2019,4,11
516,bc0pto,hellboy,2019,4,11
517,bc0mfw,after,2019,4,11
518,bbvo53,the man who killed don quixote,2019,4,11
519,b94kw0,unicorn store,2019,4,5
520,b94c5i,shazam!,2019,4,4
521,b94d8c,pet sematary,2019,4,4
522,b763vf,hotel mumbai,2019,3,29
523,b6x4xl,the highwaymen,2019,3,29
524,b6kp6u,dumbo,2019,3,28
525,b6kmo7,the beach bum,2019,3,28
526,b46hzp,dragged across concrete,2019,3,22
527,b3qwqv,the dirt,2019,3,22
528,b3r0xq,us,2019,3,21
529,b17s5l,captive state,2019,3,14
530,b17u86,five feet apart,2019,3,14
531,b17y2h,wonder park,2019,3,14
532,ayi9ct,triple frontier,2019,3,13
533,ayhuw3,apollo 11,2019,3,7
534,ay9785,captain marvel,2019,3,7
535,awcgu4,arctic,2019,3,1
536,aw4yu3,a madea family funeral,2019,3,1
537,aw52wh,greta,2019,3,1
538,aq72ni,how to train your dragon: the hidden world,2019,2,21
539,aq723e,fighting with my family,2019,2,21
540,apubad,isn't it romantic,2019,2,13
541,apudi7,happy death day 2u,2019,2,13
542,apu7l3,the wandering earth,2019,2,12
543,aoc6mr,alita: battle angel,2019,2,12
544,ao0bmj,high flying bird,2019,2,8
545,ao00dq,cold pursuit,2019,2,7
546,ao044m,the lego movie 2: the second part,2019,2,7
547,ao08ku,what men want,2019,2,7
548,ao061i,the prodigy,2019,2,7
549,alv2d1,velvet buzzsaw,2019,2,1
550,aluzba,miss bala,2019,1,31
551,ajg681,polar,2019,1,25
552,ajfym7,serenity,2019,1,24
553,ajg4a2,the kid who would be king,2019,1,24
554,agxe41,dragon ball super: broly,2019,1,17
555,agxbsx,glass,2019,1,17
556,aeo4fj,the upside,2019,1,10
557,aent0o,on the basis of sex,2019,1,10
558,aeqvjt,replicas,2019,1,10
559,aenvrv,a dog's way home,2019,1,10
560,ac84qv,escape room,2019,1,3
561,ac87qp,if beale street could talk,2019,1,3
562,a9zlvg,black mirror: bandersnatch,2018,12,28
563,a9gjba,vice,2018,12,25
564,a9gmx8,the house that jack built,2018,12,25
565,a9glap,holmes & watson,2018,12,25
566,a6qvls,bird box,2018,12,21
567,a6qtnh,welcome to marwen,2018,12,20
568,a6qrf7,second act,2018,12,20
569,a6qpm8,bumblebee,2018,12,20
570,a6qh98,aquaman,2018,12,20
571,a6qm05,mary poppins returns,2018,12,18
572,a5yk8k,they shall not grow old,2018,12,17
573,a5mkir,the favourite,2018,12,14
574,a4rv1y,roma,2018,12,14
575,a4rric,the mule,2018,12,13
576,a4rs7c,mortal engines,2018,12,13
577,a5yi33,spider-man: into the spider-verse,2018,12,13
578,a4qc91,once upon a deadpool,2018,12,11
579,a2whh0,mowgli: legend of the jungle,2018,12,7
580,a1hxru,bodied,2018,11,29
581,a1i0jz,the possession of hannah grace,2018,11,29
582,a1huet,2.0,2018,11,29
583,9zja66,can you ever forgive me?,2018,11,22
584,9zj7uk,boy erased,2018,11,22
585,9yoiqd,ralph breaks the internet,2018,11,20
586,9yol5q,robin hood,2018,11,20
587,9yobj6,creed ii,2018,11,20
588,9yon9m,green book,2018,11,20
589,9yoefq,instant family,2018,11,20
590,9x1g48,the ballad of buster scruggs,2018,11,16
591,9x1pfd,widows,2018,11,15
592,9x2e23,fantastic beasts: the crimes of grindelwald,2018,11,15
593,9vlfb4,outlaw king,2018,11,9
594,9vg4og,the girl in the spider's web: a new dragon tattoo story,2018,11,8
595,9vga02,overlord,2018,11,8
596,9vgc66,the grinch,2018,11,8
597,9t6rqo,beautiful boy,2018,11,2
598,9t6qga,suspiria,2018,11,2
599,9t6tc7,the other side of the wind,2018,11,2
600,9t6jcv,nutcracker and the four realms,2018,11,1
601,9t6lw5,bohemian rhapsody,2018,11,1
602,9r6tcs,hunter killer,2018,10,25
603,9r6qbx,johnny english strikes again,2018,10,25
604,9r6nl6,mid90s,2018,10,25
605,9pfno2,the night comes for us,2018,10,19
606,9pf1fr,halloween,2018,10,18
607,9pf3kg,the old man & the gun,2018,10,18
608,9nojm2,apostle,2018,10,12
609,9n9qjv,bad times at the el royale,2018,10,11
610,9n9ocs,first man,2018,10,11
611,9n5jd7,22 july,2018,10,10
612,9li7ex,venom,2018,10,4
613,9li7w0,a star is born,2018,10,4
614,9jmgsl,hold the dark,2018,9,28
615,9jjktf,hell fest,2018,9,27
616,9jjl50,smallfoot,2018,9,27
617,9hl88y,assassination nation,2018,9,20
618,9hl82j,life itself,2018,9,20
619,9hl7s2,the house with a clock in its walls,2018,9,20
620,9fxw74,mandy,2018,9,14
621,9fo4l9,white boy rick,2018,9,13
622,9fo4rb,a simple favor,2018,9,13
623,9fo4yj,the predator,2018,9,13
624,9dpr5z,peppermint,2018,9,6
625,9dpqjg,the nun,2018,9,6
626,9bpn38,operation finale,2018,8,30
627,9bpmdr,kin,2018,8,30
628,9bplvq,searching,2018,8,30
629,99thr2,the happytime murders,2018,8,23
630,97ybbl,alpha,2018,8,16
631,97yb41,mile 22,2018,8,16
632,97o9ms,crazy rich asians,2018,8,15
633,962te0,slender man,2018,8,9
634,962sya,the meg,2018,8,9
635,962sh1,blackkklansman,2018,8,9
636,94f28g,the spy who dumped me,2018,8,3
637,945gm6,christopher robin,2018,8,2
638,945h35,eighth grade,2018,8,2
639,92r2i4,blindspotting,2018,7,28
640,92ij8o,extinction,2018,7,27
641,8wg5o3,ant man and the wasp,2018,7,5
642,928hxl,teen titans! go to the movies,2018,7,26
643,928hh5,mission: impossible - fallout,2018,7,26
644,90lft0,mamma mia! here we go again,2018,7,20
645,90byli,the equalizer 2,2018,7,19
646,90by9y,unfriended: dark web,2018,7,19
647,8yf1pd,hotel transylvania 3: summer vacation,2018,7,12
648,8yf14q,sorry to bother you,2018,7,12
649,8yf0w4,skyscraper,2018,7,12
650,8vy3j6,the first purge,2018,7,3
651,8upf4f,sicario: day of soldado,2018,6,28
652,8teeyd,won't you be my neighbor?,2018,6,23
653,8sxn3q,jurassic world: fallen kingdom,2018,6,21
654,8r7cz6,tag,2018,6,14
655,8r7d6q,incredibles 2,2018,6,14
656,8py88k,first reformed,2018,6,9
657,8pg3cd,hotel artemis,2018,6,7
658,8pg30v,ocean's 8,2018,6,7
659,8pg2ma,hereditary,2018,6,7
660,8nxg3w,action point,2018,6,1
661,8npjl3,upgrade,2018,6,1
662,8mmla7,the tale,2018,5,27
663,8mettj,disobedience,2018,5,26
664,8ly62h,solo: a star wars story,2018,5,24
665,8kpukl,fahrenheit 451,2018,5,19
666,8ki4y4,revenge,2018,5,18
667,8kbc8p,cargo,2018,5,18
668,8k9ob3,deadpool 2,2018,5,17
669,8h4l0h,tully,2018,5,4
670,8gvrja,you were never really here,2018,5,3
671,8f84h0,avengers: infinity war,2018,4,26
672,8dl60b,super troopers 2,2018,4,20
673,8bvqmb,truth or dare,2018,4,12
674,8bvqex,rampage,2018,4,12
675,8bvpcv,isle of dogs,2018,4,12
676,8a5qsg,blockers,2018,4,5
677,8a5qdo,a quiet place,2018,4,5
678,87yv63,ready player one,2018,3,29
679,86j4jq,"game over, man!",2018,3,23
680,86h4qo,unsane,2018,3,22
681,86h4e4,pacific rim: uprising,2018,3,22
682,857mzy,thoroughbreds,2018,3,17
683,833hx8,a wrinkle in time,2018,3,8
684,833ie2,gringo,2018,3,8
685,833jvx,the death of stalin,2018,3,8
686,81cz97,death wish,2018,3,2
687,81bwds,red sparrow,2018,3,2
688,7zrewr,game night,2018,2,23
689,7zqwam,mute,2018,2,23
690,7zqsdy,annihilation,2018,2,23
691,7xvusm,early man,2018,2,15
692,7xvumf,black panther,2018,2,15
693,7wahqi,the 15:17 to paris,2018,2,8
694,7vcelr,the cloverfield paradox,2018,2,4
695,7uobrp,a futile and stupid gesture,2018,2,1
696,7uobn2,winchester,2018,2,1
697,7t1ocm,maze runner: the death cure,2018,1,25
698,7t1ndd,hostiles,2018,1,25
699,7rfe1t,phantom thread,2018,1,18
700,7rfed5,call me by your name,2018,1,18
701,7q2p5s,proud mary,2018,1,13
702,7q2oxj,the post,2018,1,13
703,7ptniu,paddington 2,2018,1,11
704,7ptn7y,the commuter,2018,1,11
705,7o8h1y,"i, tonya",2018,1,4
706,7o8hf0,insidious: the last key,2018,1,4
707,7mrl6t,molly's game,2017,12,28
708,7mcd2k,all the money in the world,2017,12,26
709,7llz2i,the shape of water,2017,12,22
710,7lgjro,bright,2017,12,22
711,7ldwcu,pitch perfect 3,2017,12,21
712,7ldw3m,downsizing,2017,12,21
713,7l6grk,the greatest showman,2017,12,20
714,7l6gel,jumanji: welcome to the jungle,2017,12,20
715,7jwxnd,star wars: episode viii – the last jedi,2017,12,14
716,7ik3cb,the disaster artist,2017,12,8
717,7ic5em,psych: the movie,2017,12,7
718,7gs900,"roman j. israel, esq.",2017,11,30
719,7gs4g9,"three billboards outside ebbing, missouri",2017,11,30
720,7eoph7,coco,2017,11,22
721,7doxvl,lady bird,2017,11,17
722,7dhu3f,justice league,2017,11,16
723,7c5s8i,the florida project,2017,11,10
724,7byfpg,murder on the orient express,2017,11,9
725,7agfes,thor: ragnarok,2017,11,2
726,77xcny,only the brave,2017,10,21
727,790bp3,jigsaw,2017,10,26
728,790a25,suburbicon,2017,10,26
729,77qmxh,1922,2017,10,20
730,77qmn0,geostorm,2017,10,20
731,77j3lr,brawl in cell block 99,2017,10,19
732,77j3ty,the snowman,2017,10,19
733,769dd8,professor marston and the wonder women,2017,10,13
734,769d5d,the meyerowitz stories,2017,10,13
735,761puf,the foreigner,2017,10,12
736,761r2y,happy death day,2017,10,12
737,74k6lc,blade runner 2049,2017,10,5
738,73g2fx,gerald's game,2017,9,30
739,734ukq,battle of the sexes,2017,9,28
740,734sen,american made,2017,9,28
741,7214a0,stronger,2017,9,23
742,71o04o,the lego ninjago movie,2017,9,21
743,71o1s0,kingsman: the golden circle,2017,9,21
744,706ydq,american assassin,2017,9,14
745,706y1p,mother!,2017,9,14
746,6yrw09,it,2017,9,7
747,6xgpxw,little evil,2017,9,1
748,6vzaae,death note,2017,8,25
749,6vvnqi,good time,2017,8,24
750,6vvmtr,ingrid goes west,2017,8,24
751,6ueskb,wind river,2017,8,17
752,6ues3n,the hitman's bodyguard,2017,8,17
753,6ueron,logan lucky,2017,8,17
754,6tyynf,batman and harley quinn,2017,8,15
755,6sy31r,a ghost story,2017,8,10
756,6sy1zl,annabelle: creation,2017,8,10
757,6rheda,detroit,2017,8,3
758,6rhe2a,the dark tower,2017,8,3
759,6q0fpb,atomic blonde,2017,7,27
760,6q0fps,the emoji movie,2017,7,27
761,6ol0y2,valerian and the city of a thousand planets,2017,7,20
762,6ol0kp,dunkirk,2017,7,20
763,6n67p0,the big sick,2017,7,13
764,6n6795,war for the planet of the apes,2017,7,13
765,6lqkql,spider-man: homecoming,2017,7,6
766,6kd58z,the house,2017,6,29
767,6kd5ho,despicable me 3,2017,6,29
768,6k146f,okja,2017,6,28
769,6jxijs,baby driver,2017,6,27
770,6iit8a,transformers: the last knight,2017,6,20
771,6hjm3x,all eyez on me,2017,6,15
772,6hjlxm,cars 3,2017,6,15
773,6g6n4c,it comes at night,2017,6,9
774,6g5lmo,the mummy,2017,6,8
775,6erisd,captain underpants: the first epic movie,2017,6,1
776,6erigc,wonder woman,2017,6,1
777,6dkt4d,war machine,2017,5,26
778,6de4el,baywatch,2017,5,25
779,6de42f,pirates of the caribbean: dead men tell no tales,2017,5,25
780,6c0sby,alien: covenant,2017,5,18
781,6av7gj,the wall,2017,5,12
782,6aoey2,king arthur: legend of the sword,2017,5,11
783,69by9z,guardians of the galaxy vol. 2,2017,5,4
784,680d3v,the circle,2017,4,27
785,680dal,the lost city of z,2017,4,27
786,66mc7z,free fire,2017,4,20
787,66mcf3,the promise,2017,4,20
788,66mc0q,colossal,2017,4,20
789,65gg0a,t2 trainspotting,2017,4,14
790,659vdw,the fate of the furious,2017,4,13
791,63yjc7,your name,2017,4,7
792,631xr4,the discovery,2017,4,2
793,62ifay,ghost in the shell,2017,3,30
794,616cl0,chips,2017,3,23
795,616b6l,life,2017,3,23
796,6169po,power rangers,2017,3,23
797,5zuyfb,the belko experiment,2017,3,16
798,5zuxzg,beauty and the beast,2017,3,16
799,5yjq4s,kong: skull island,2017,3,9
800,5x7z96,logan,2017,3,2
801,5w2gt9,paterson,2017,2,25
802,5w2fyj,i don't feel at home in this world anymore,2017,2,24
803,5vv1qh,get out,2017,2,23
804,5ujuis,fist fight,2017,2,16
805,5ujuqd,the great wall,2017,2,16
806,5uju5i,a cure for wellness,2017,2,16
807,5t4uu1,the lego batman movie,2017,2,9
808,5t4u0w,john wick 2,2017,2,9
809,5rrasx,rings,2017,2,2
810,5ql91v,20th century women,2017,1,27
811,5ql8p2,gold,2017,1,27
812,5ql8d9,iboy,2017,1,27
813,5qf4a9,resident evil: the final chapter,2017,1,26
814,5p1h04,xxx: return of xander cage,2017,1,19
815,5p1gqe,split,2017,1,19
816,5p1gh2,the founder,2017,1,19
817,5no4lm,patriots day,2017,1,12
818,5no39d,live by night,2017,1,12
819,5no1s5,silence,2017,1,12
820,5mi2hq,hidden figures,2017,1,6
821,5mi1gg,a monster calls,2017,1,6
822,5mi15u,underworld: blood wars,2017,1,6
823,5l16ve,lion,2016,12,29
824,5l14ri,jackie,2016,12,29
825,5jutlo,fences,2016,12,22
826,5jut9b,why him?,2016,12,22
827,5jhoim,passengers,2016,12,20
828,5jhnth,sing,2016,12,20
829,5jhls6,assassin's creed,2016,12,20
830,5isens,la la land,2016,12,16
831,5isehr,rogue one: a star wars story,2016,12,16
832,5hi9pj,spectral,2016,12,9
833,5hi9i5,manchester by the sea,2016,12,9
834,5hbav3,office christmas party,2016,12,8
835,5exevm,loving,2016,11,25
836,5exedm,nocturnal animals,2016,11,25
837,5exe5g,moonlight,2016,11,25
838,5ef0zx,allied,2016,11,22
839,5ef0tn,bad santa 2,2016,11,22
840,5ef0j8,moana,2016,11,22
841,5dk754,billy lynn's long halftime walk,2016,11,17
842,5dk70d,the edge of seventeen,2016,11,17
843,5dk6u7,fantastic beasts and where to find them,2016,11,17
844,5cc7fb,arrival,2016,11,10
845,5b10qo,hacksaw ridge,2016,11,3
846,59s6fa,inferno,2016,10,27
847,59erzp,doctor strange,2016,10,25
848,58kufr,ouija: origin of evil,2016,10,20
849,58ktdp,jack reacher: never go back,2016,10,20
850,57e1ec,the accountant,2016,10,13
851,571rfq,batman: return of the caped crusaders,2016,10,11
852,571rn8,shin godzilla,2016,10,11
853,56973x,the girl on the train,2016,10,6
854,5696wh,the birth of a nation,2016,10,6
855,5697im,queen of katwe,2016,10,6
856,55en0c,deepwater horizon,2016,10,1
857,555t2i,masterminds,2016,9,29
858,555s4u,miss peregrine's home for peculiar children,2016,9,29
859,542iyh,the magnificent seven,2016,9,22
860,533o2w,snowden,2016,9,16
861,52zqce,blair witch,2016,9,15
862,51umie,sully,2016,9,8
863,50rdkv,morgan,2016,9,1
864,50rdkm,the light between oceans,2016,9,1
865,4zm84q,don't breathe,2016,8,25
866,4zm7w2,hell or high water,2016,8,25
867,4yg8m5,kubo and the two strings,2016,8,18
868,4yg8ts,war dogs,2016,8,18
869,4xbkux,pete's dragon,2016,8,11
870,4xbjri,sausage party,2016,8,11
871,4wb5lp,the little prince,2016,8,5
872,4w86a7,suicide squad,2016,8,4
873,4v40rp,jason bourne,2016,7,28
874,4v40tt,bad moms,2016,7,28
875,4uxxpc,nerve,2016,7,27
876,4ukw1u,batman: the killing joke,2016,7,25
877,4u0i4z,star trek beyond,2016,7,21
878,4u0io6,lights out,2016,7,21
879,4sww1w,ghostbusters,2016,7,14
880,4rsd22,mike and dave need wedding dates,2016,7,7
881,4rsbw7,the secret life of pets,2016,7,7
882,4qpd4r,the purge: election year,2016,6,30
883,4qpd2a,the legend of tarzan,2016,6,30
884,4qpcz8,the bfg,2016,6,30
885,4qpct5,swiss army man,2016,6,30
886,4pqrfd,the phenom,2016,6,24
887,4pqduu,free state of jones,2016,6,24
888,4pqdyw,the shallows,2016,6,24
889,4pqdpe,the neon demon,2016,6,24
890,4pkf5g,independence day: resurgence,2016,6,23
891,4oh4ce,central intelligence,2016,6,16
892,4oh39s,finding dory,2016,6,16
893,4ne6hz,now you see me 2,2016,6,9
894,4ne6bt,the conjuring 2,2016,6,9
895,4ne5zv,warcraft,2016,6,9
896,4maof4,popstar: never stop never stopping,2016,6,2
897,4maohn,teenage mutant ninja turtles: out of the shadows,2016,6,2
898,4lgbxy,the do-over,2016,5,28
899,4l8pej,alice through the looking glass,2016,5,26
900,4k67jn,neighbors 2: sorority rising,2016,5,19
901,4k66hn,the angry birds movie,2016,5,19
902,4k64eu,the nice guys,2016,5,19
903,4j9ic2,the lobster,2016,5,13
904,4j9h4z,high-rise,2016,5,13
905,4i8038,green room,2016,5,6
906,4i35uf,captain america: civil war,2016,5,5
907,4gx3iu,ratchet & clank,2016,4,28
908,4gx3ht,keanu,2016,4,28
909,4fw956,the huntsman: winter's war,2016,4,21
910,4ezvfe,criminal,2016,4,15
911,4ezu10,barbershop: the next cut,2016,4,15
912,4ezssy,everybody wants some!!,2016,4,15
913,4dzk1i,demolition,2016,4,8
914,4dzjlv,midnight special,2016,4,8
915,4ducma,hardcore henry,2016,4,7
916,4buue2,my big fat greek wedding 2,2016,3,24
917,4b1l4n,pee-wee's big holiday,2016,3,18
918,4b1jgt,the divergent series: allegiant,2016,3,18
919,49wxb2,the brothers grimsby,2016,3,10
920,49wvnj,10 cloverfield lane,2016,3,10
921,48vhsf,london has fallen,2016,3,3
922,48vhmk,whiskey tango foxtrot,2016,3,3
923,48vhc8,zootopia,2016,3,3
924,47szbr,"crouching tiger, hidden dragon: sword of destiny",2016,2,26
